period,account_id,opening_cents,closing_cents,cutoff_cents
202603,A0000001,3119295300,1409756300,1409756300
202603,A0000002,2141089300,326844300,326844300
202603,A0000003,1572977800,771918800,771918800
202603,A0000004,880050900,815977100,815977100
202603,A0000005,2281672800,2930359700,2930359700
202603,A0000006,2782208400,2750166500,2750166500
202603,A0000007,3422899100,3019589200,3019589200
202603,A0000008,1908397600,2220066900,2220066900
202603,A0000009,566780800,312492000,312492000
202603,A0000010,763792100,822560900,822560900
202603,A0000011,2503237400,2506612000,2506612000
202603,A0000012,2941317500,3001522000,3001522000
202603,A0000013,4172655200,4122228200,4122228200
202603,A0000014,3405291600,3360436200,3360436200
202603,A0000015,3582771700,3159361400,3159361400
202603,A0000016,4477174700,4604535700,4604535700
202603,A0000017,4197898200,4196118400,4196118400
202603,A0000018,2432862800,2397964000,2397964000
202603,A0000019,59725800,86513800,86513800
202603,A0000020,1370680400,1439255500,1439255500
202603,A0000021,1038377100,867417200,867417200
202603,A0000022,3130525000,3098878200,3098878200
202603,A0000023,275903100,432834600,432834600
202603,A0000024,329469700,230334300,230334300
202603,A0000025,4401055500,4417760600,4417760600
202603,A0000026,3460881300,3375503500,3375503500
202603,A0000027,3793090600,3874096200,3874096200
202603,A0000028,4407134400,4309323000,4309323000
202603,A0000029,2038832400,2038832400,2038832400
202603,A0000030,4065267700,4155086100,4155086100
202603,A0000031,874610300,1160897100,1160897100
202603,A0000032,2546178900,2530423600,2530423600
202603,A0000033,64583700,124662300,124662300
202603,A0000034,67344400,68456800,68456800
202603,A0000035,847024600,803510600,803510600
202603,A0000036,1709863800,1709863800,1709863800
202603,A0000037,665548200,312399000,312399000
202603,A0000038,2613028500,2851368100,2851368100
202603,A0000039,4446887900,4563941400,4563941400
202603,A0000040,812850300,806928300,806928300
202603,A0000041,481602900,424519900,424519900
202603,A0000042,3163829200,3056180100,3056180100
202603,A0000043,1295036800,1292231600,1292231600
202603,A0000044,4372704500,4372704500,4372704500
202603,A0000045,2598477800,2648310000,2648310000
202603,A0000046,4249866400,4263922000,4263922000
202603,A0000047,288770600,288692800,288692800
202603,A0000048,1184955200,1161301700,1161301700
202603,A0000049,430414900,456459800,456459800
202603,A0000050,3091137500,3242500100,3242500100
202604,A0000001,1409756300,1299757100,1299757100
202604,A0000002,326844300,382619000,382619000
202604,A0000003,771918800,1170199900,1170199900
202604,A0000004,815977100,526174500,526174500
202604,A0000005,2930359700,1563575300,1563575300
202604,A0000006,2750166500,2553669300,2553669300
202604,A0000007,3019589200,2976351400,2976351400
202604,A0000008,2220066900,2124328300,2124328300
202604,A0000009,312492000,164982100,164982100
202604,A0000010,822560900,1212270500,1212270500
202604,A0000011,2506612000,2470361200,2470361200
202604,A0000012,3001522000,2806515800,2806515800
202604,A0000013,4122228200,4205324700,4205324700
202604,A0000014,3360436200,3305639800,3305639800
202604,A0000015,3159361400,3155209500,3155209500
202604,A0000016,4604535700,4672322900,4672322900
202604,A0000017,4196118400,4208335800,4208335800
202604,A0000018,2397964000,2620579800,2620579800
202604,A0000019,86513800,82959500,82959500
202604,A0000020,1439255500,1582434000,1582434000
202604,A0000021,867417200,972967500,972967500
202604,A0000022,3098878200,2985660900,2985660900
202604,A0000023,432834600,108626400,108626400
202604,A0000024,230334300,103334700,103334700
202604,A0000025,4417760600,4417760600,4417760600
202604,A0000026,3375503500,3258517600,3258517600
202604,A0000027,3874096200,3855262600,3855262600
202604,A0000028,4309323000,4459794600,4459794600
202604,A0000029,2038832400,1928440700,1928440700
202604,A0000030,4155086100,4067598500,4067598500
202604,A0000031,1160897100,1159208200,1159208200
202604,A0000032,2530423600,2519810600,2519810600
202604,A0000033,124662300,124662300,124662300
202604,A0000034,68456800,68456800,68456800
202604,A0000035,803510600,764469800,764469800
202604,A0000036,1709863800,1706712100,1706712100
202604,A0000037,312399000,343707700,343707700
202604,A0000038,2851368100,2849681700,2849681700
202604,A0000039,4563941400,4563941400,4563941400
202604,A0000040,806928300,886403300,886403300
202604,A0000041,424519900,425686300,425686300
202604,A0000042,3056180100,3087017600,3087017600
202604,A0000043,1292231600,1141082000,1141082000
202604,A0000044,4372704500,4375243000,4375243000
202604,A0000045,2648310000,2644941200,2644941200
202604,A0000046,4263922000,4137325600,4137325600
202604,A0000047,288692800,295891900,295891900
202604,A0000048,1161301700,1008330800,1008330800
202604,A0000049,456459800,151449500,151449500
202604,A0000050,3242500100,3255804000,3255804000
202605,A0000001,1299757100,1778337000,1784991300
202605,A0000002,382619000,423894600,423894600
202605,A0000003,1170199900,657969500,704871300
202605,A0000004,526174500,0,100601800
202605,A0000005,1563575300,494861900,495594100
202605,A0000006,2553669300,2490011900,2490011900
202605,A0000007,2976351400,3197926800,3197926800
202605,A0000008,2124328300,2140309300,2140309300
202605,A0000009,164982100,176198900,176198900
202605,A0000010,1212270500,1237150200,1237150200
202605,A0000011,2470361200,2537892700,2537892700
202605,A0000012,2806515800,2817162500,2812253400
202605,A0000013,4205324700,4243977300,4243977300
202605,A0000014,3305639800,3304156700,3304156700
202605,A0000015,3155209500,3145866500,3145866500
202605,A0000016,4672322900,4678194100,4678194100
202605,A0000017,4208335800,4004921500,4004921500
202605,A0000018,2620579800,3053661800,3053661800
202605,A0000019,82959500,82902000,82902000
202605,A0000020,1582434000,1591577500,1591577500
202605,A0000021,972967500,980629200,980629200
202605,A0000022,2985660900,2986988500,2986988500
202605,A0000023,108626400,144689800,144689800
202605,A0000024,103334700,103334700,103334700
202605,A0000025,4417760600,4523333700,4522901200
202605,A0000026,3258517600,3255581400,3255581400
202605,A0000027,3855262600,3845973100,3845973100
202605,A0000028,4459794600,4349282900,4393800100
202605,A0000029,1928440700,1872548400,1872548400
202605,A0000030,4067598500,4125351600,4125351600
202605,A0000031,1159208200,1142112400,1142112400
202605,A0000032,2519810600,3041754500,3041754500
202605,A0000033,124662300,39651900,39651900
202605,A0000034,68456800,96538500,96538500
202605,A0000035,764469800,807417700,807417700
202605,A0000036,1706712100,1643797000,1643797000
202605,A0000037,343707700,114331700,313426900
202605,A0000038,2849681700,2795037100,2795037100
202605,A0000039,4563941400,4527695100,4535137500
202605,A0000040,886403300,916788200,916788200
202605,A0000041,425686300,410099400,410099400
202605,A0000042,3087017600,3058328900,3058328900
202605,A0000043,1141082000,1141082000,1141082000
202605,A0000044,4375243000,4378128500,4378128500
202605,A0000045,2644941200,1923715500,1923715500
202605,A0000046,4137325600,4519452900,4519452900
202605,A0000047,295891900,301191200,301191200
202605,A0000048,1008330800,980990200,1036773500
202605,A0000049,151449500,139468300,139468300
202605,A0000050,3255804000,3064029800,3064029800
202606,A0000001,1778337000,2169284900,2169284900
202606,A0000002,423894600,119702100,119702100
202606,A0000003,657969500,721539300,721539300
202606,A0000004,0,92719700,92719700
202606,A0000005,494861900,0,0
202606,A0000006,2490011900,2086860300,2086860300
202606,A0000007,3197926800,3343772000,3343772000
202606,A0000008,2140309300,2090065200,2090065200
202606,A0000009,176198900,163453100,163453100
202606,A0000010,1237150200,1283244100,1283244100
202606,A0000011,2537892700,2421526300,2421526300
202606,A0000012,2817162500,2742413500,2742413500
202606,A0000013,4243977300,4043360800,4043360800
202606,A0000014,3304156700,3290822800,3290822800
202606,A0000015,3145866500,3175102700,3175102700
202606,A0000016,4678194100,4286723600,4286723600
202606,A0000017,4004921500,4019225200,4019225200
202606,A0000018,3053661800,3047590300,3047590300
202606,A0000019,82902000,135629100,135629100
202606,A0000020,1591577500,1559962500,1559962500
202606,A0000021,980629200,1029233000,1029233000
202606,A0000022,2986988500,4080189800,4080189800
202606,A0000023,144689800,485871900,485871900
202606,A0000024,103334700,140663300,140663300
202606,A0000025,4523333700,4442863700,4442863700
202606,A0000026,3255581400,3133917800,3133917800
202606,A0000027,3845973100,3840220600,3840220600
202606,A0000028,4349282900,4306100400,4306100400
202606,A0000029,1872548400,1879289800,1879289800
202606,A0000030,4125351600,3970766400,3970766400
202606,A0000031,1142112400,1139206200,1139206200
202606,A0000032,3041754500,2702740400,2702740400
202606,A0000033,39651900,13780900,13780900
202606,A0000034,96538500,5895400,5895400
202606,A0000035,807417700,792556200,792556200
202606,A0000036,1643797000,1615780700,1615780700
202606,A0000037,114331700,138467800,138467800
202606,A0000038,2795037100,2756976000,2756976000
202606,A0000039,4527695100,4510588500,4510588500
202606,A0000040,916788200,949998800,949998800
202606,A0000041,410099400,409331200,409331200
202606,A0000042,3058328900,3052112500,3052112500
202606,A0000043,1141082000,1213621300,1213621300
202606,A0000044,4378128500,4378128500,4378128500
202606,A0000045,1923715500,1850426100,1850426100
202606,A0000046,4519452900,4503572000,4503572000
202606,A0000047,301191200,285540800,285540800
202606,A0000048,980990200,977375700,977375700
202606,A0000049,139468300,141520500,141520500
202606,A0000050,3064029800,3081592400,3081592400
202607,A0000001,2169284900,3436383300,3436383300
202607,A0000002,119702100,204325000,204325000
202607,A0000003,721539300,772502400,772502400
202607,A0000004,92719700,2109700,2109700
202607,A0000005,0,77590400,77590400
202607,A0000006,2086860300,1968285200,1968285200
202607,A0000007,3343772000,3289587800,3289587800
202607,A0000008,2090065200,1868547900,1868547900
202607,A0000009,163453100,0,0
202607,A0000010,1283244100,1286907700,1286907700
202607,A0000011,2421526300,1880658400,1880658400
202607,A0000012,2742413500,2741864800,2741864800
202607,A0000013,4043360800,4078460600,4078460600
202607,A0000014,3290822800,3747546800,3747546800
202607,A0000015,3175102700,3179565800,3179565800
202607,A0000016,4286723600,4291821800,4291821800
202607,A0000017,4019225200,4014991700,4014991700
202607,A0000018,3047590300,3047590300,3047590300
202607,A0000019,135629100,76307000,76307000
202607,A0000020,1559962500,1533241600,1533241600
202607,A0000021,1029233000,983540600,983540600
202607,A0000022,4080189800,4064190000,4064190000
202607,A0000023,485871900,491841600,491841600
202607,A0000024,140663300,105732200,105732200
202607,A0000025,4442863700,4415631900,4415631900
202607,A0000026,3133917800,3099148000,3099148000
202607,A0000027,3840220600,3785104700,3785104700
202607,A0000028,4306100400,4291876600,4291876600
202607,A0000029,1879289800,1911661000,1911661000
202607,A0000030,3970766400,86532900,86532900
202607,A0000031,1139206200,1106176700,1106176700
202607,A0000032,2702740400,2728689600,2728689600
202607,A0000033,13780900,39286000,39286000
202607,A0000034,5895400,141522400,141522400
202607,A0000035,792556200,699659900,699659900
202607,A0000036,1615780700,1617572000,1617572000
202607,A0000037,138467800,118523800,118523800
202607,A0000038,2756976000,2771769400,2771769400
202607,A0000039,4510588500,4503875000,4503875000
202607,A0000040,949998800,973270300,973270300
202607,A0000041,409331200,172479200,172479200
202607,A0000042,3052112500,3250854700,3250854700
202607,A0000043,1213621300,1248054200,1248054200
202607,A0000044,4378128500,4607740200,4607740200
202607,A0000045,1850426100,1879214100,1879214100
202607,A0000046,4503572000,4504441600,4504441600
202607,A0000047,285540800,350681600,350681600
202607,A0000048,977375700,948625400,948625400
202607,A0000049,141520500,153428200,153428200
202607,A0000050,3081592400,3090508600,3090508600
202608,A0000001,3436383300,1097240200,1097240200
202608,A0000002,204325000,0,0
202608,A0000003,772502400,476723600,476723600
202608,A0000004,2109700,0,0
202608,A0000005,77590400,127470900,127470900
202608,A0000006,1968285200,1961301000,1961301000
202608,A0000007,3289587800,2882707400,2882707400
202608,A0000008,1868547900,1871827300,1871827300
202608,A0000009,0,256352200,256352200
202608,A0000010,1286907700,1256891400,1256891400
202608,A0000011,1880658400,1845126500,1845126500
202608,A0000012,2741864800,2737277700,2737277700
202608,A0000013,4078460600,3902489600,3902489600
202608,A0000014,3747546800,3800250600,3800250600
202608,A0000015,3179565800,2154524900,2154524900
202608,A0000016,4291821800,4364250300,4364250300
202608,A0000017,4014991700,3976375100,3976375100
202608,A0000018,3047590300,3070583200,3070583200
202608,A0000019,76307000,0,0
202608,A0000020,1533241600,1942913400,1942913400
202608,A0000021,983540600,930521400,930521400
202608,A0000022,4064190000,4126517500,4126517500
202608,A0000023,491841600,545411000,545411000
202608,A0000024,105732200,22138200,22138200
202608,A0000025,4415631900,4190501400,4190501400
202608,A0000026,3099148000,3101034600,3101034600
202608,A0000027,3785104700,3596935900,3596935900
202608,A0000028,4291876600,4300342400,4300342400
202608,A0000029,1911661000,1832227300,1832227300
202608,A0000030,86532900,53346800,53346800
202608,A0000031,1106176700,604552800,604552800
202608,A0000032,2728689600,2766454800,2766454800
202608,A0000033,39286000,68552300,68552300
202608,A0000034,141522400,0,0
202608,A0000035,699659900,704279100,704279100
202608,A0000036,1617572000,1651999500,1651999500
202608,A0000037,118523800,113604400,113604400
202608,A0000038,2771769400,2615364300,2615364300
202608,A0000039,4503875000,4351174600,4351174600
202608,A0000040,973270300,721579000,721579000
202608,A0000041,172479200,181323700,181323700
202608,A0000042,3250854700,3511493000,3511493000
202608,A0000043,1248054200,1248054200,1248054200
202608,A0000044,4607740200,4528280800,4528280800
202608,A0000045,1879214100,1851070500,1851070500
202608,A0000046,4504441600,4603964900,4603964900
202608,A0000047,350681600,334886000,334886000
202608,A0000048,948625400,979671400,979671400
202608,A0000049,153428200,157460800,157460800
202608,A0000050,3090508600,3090508600,3090508600
