transaction_id,account_id,posted_date,kind,amount_cents
T000000000001,A0000002,2026-03-01,OTHER_DEBIT,17008400
T000000000002,A0000007,2026-03-01,LOAN_CREDIT,59989900
T000000000003,A0000010,2026-03-01,OWN_CREDIT,56096800
T000000000004,A0000031,2026-03-01,LOAN_CREDIT,9076400
T000000000005,A0000033,2026-03-01,CREDIT,62543200
T000000000006,A0000010,2026-03-01,CARD,2386600
T000000000007,A0000028,2026-03-01,CARD,52769200
T000000000008,A0000001,2026-03-02,CREDIT,72142900
T000000000009,A0000048,2026-03-02,OWN_CREDIT,8256500
T000000000010,A0000003,2026-03-02,CREDIT,34413100
T000000000011,A0000023,2026-03-02,OTHER_DEBIT,58463300
T000000000012,A0000017,2026-03-02,CARD,2126000
T000000000013,A0000005,2026-03-02,OTHER_DEBIT,8598500
T000000000014,A0000003,2026-03-02,OTHER_DEBIT,69096500
T000000000015,A0000001,2026-03-03,CARD,3528300
T000000000016,A0000039,2026-03-03,CREDIT,117639300
T000000000017,A0000037,2026-03-03,OTHER_DEBIT,331051100
T000000000018,A0000031,2026-03-03,CREDIT,322206400
T000000000019,A0000002,2026-03-03,CARD,1245400
T000000000020,A0000004,2026-03-03,CASH,22592300
T000000000021,A0000018,2026-03-03,CARD,76540600
T000000000022,A0000022,2026-03-04,OTHER_DEBIT,2903500
T000000000023,A0000001,2026-03-04,CREDIT,4021200
T000000000024,A0000004,2026-03-04,CASH,928800
T000000000025,A0000004,2026-03-04,CARD,31625600
T000000000026,A0000049,2026-03-04,OWN_CREDIT,74486700
T000000000027,A0000014,2026-03-04,OTHER_DEBIT,20922100
T000000000028,A0000025,2026-03-04,OTHER_DEBIT,11328500
T000000000029,A0000034,2026-03-05,CARD,16738700
T000000000030,A0000046,2026-03-05,OWN_CREDIT,53067400
T000000000031,A0000047,2026-03-05,CREDIT,1827800
T000000000032,A0000042,2026-03-05,OTHER_DEBIT,53460900
T000000000033,A0000016,2026-03-05,CREDIT,9591400
T000000000034,A0000001,2026-03-05,CARD,17813400
T000000000035,A0000006,2026-03-05,CASH,1325100
T000000000036,A0000003,2026-03-06,CARD,30294400
T000000000037,A0000022,2026-03-06,OTHER_DEBIT,5593800
T000000000038,A0000048,2026-03-06,OTHER_DEBIT,3527600
T000000000039,A0000001,2026-03-06,OWN_CREDIT,2535100
T000000000040,A0000013,2026-03-06,OTHER_DEBIT,8707700
T000000000041,A0000047,2026-03-06,CARD,1905600
T000000000042,A0000003,2026-03-06,CASH,778019400
T000000000043,A0000001,2026-03-07,OTHER_DEBIT,1185700
T000000000044,A0000028,2026-03-07,CASH,11344900
T000000000045,A0000006,2026-03-07,CARD,1217300
T000000000046,A0000018,2026-03-07,TERM_MATURITY_CREDIT,1422800
T000000000047,A0000007,2026-03-07,OWN_CREDIT,8990000
T000000000048,A0000023,2026-03-07,LOAN_CREDIT,220042600
T000000000049,A0000030,2026-03-07,CREDIT,3209700
T000000000050,A0000046,2026-03-08,OTHER_DEBIT,39011800
T000000000051,A0000002,2026-03-08,CREDIT,37498300
T000000000052,A0000028,2026-03-08,CARD,20370600
T000000000053,A0000002,2026-03-08,OTHER_DEBIT,56906600
T000000000054,A0000009,2026-03-08,CARD,1403100
T000000000055,A0000040,2026-03-08,OTHER_DEBIT,2981900
T000000000056,A0000013,2026-03-08,OTHER_DEBIT,26749300
T000000000057,A0000026,2026-03-09,OTHER_DEBIT,70981900
T000000000058,A0000003,2026-03-09,OTHER_DEBIT,124300
T000000000059,A0000007,2026-03-09,CREDIT,2654700
T000000000060,A0000015,2026-03-09,CASH,14152400
T000000000061,A0000017,2026-03-09,CREDIT,346200
T000000000062,A0000016,2026-03-09,CREDIT,32650900
T000000000063,A0000019,2026-03-09,CARD_REFUND,26996300
T000000000064,A0000027,2026-03-10,CREDIT,82657500
T000000000065,A0000003,2026-03-10,OTHER_DEBIT,13002500
T000000000066,A0000015,2026-03-10,OTHER_DEBIT,581356000
T000000000067,A0000040,2026-03-10,CARD,757500
T000000000068,A0000001,2026-03-10,CARD,1740700
T000000000069,A0000031,2026-03-10,CASH,44996000
T000000000070,A0000013,2026-03-10,CASH,14970000
T000000000071,A0000035,2026-03-11,CREDIT,26195000
T000000000072,A0000024,2026-03-11,OTHER_DEBIT,2461100
T000000000073,A0000042,2026-03-11,CREDIT,11044800
T000000000074,A0000022,2026-03-11,OTHER_DEBIT,3376200
T000000000075,A0000005,2026-03-11,OTHER_DEBIT,4705600
T000000000076,A0000018,2026-03-11,CREDIT,139766000
T000000000077,A0000012,2026-03-11,CREDIT,7428800
T000000000078,A0000049,2026-03-12,CARD,14544800
T000000000079,A0000007,2026-03-12,CARD,19448600
T000000000080,A0000019,2026-03-12,CARD,1720100
T000000000081,A0000002,2026-03-12,OTHER_DEBIT,7596700
T000000000082,A0000034,2026-03-12,CREDIT,2060300
T000000000083,A0000049,2026-03-12,OTHER_DEBIT,33897000
T000000000084,A0000042,2026-03-12,CARD,9465900
T000000000085,A0000011,2026-03-13,CREDIT,2404400
T000000000086,A0000012,2026-03-13,CREDIT,37596100
T000000000087,A0000032,2026-03-13,CARD,15755300
T000000000088,A0000043,2026-03-13,CARD,2805200
T000000000089,A0000005,2026-03-13,CASH,56793700
T000000000090,A0000009,2026-03-13,CASH,141693300
T000000000091,A0000002,2026-03-13,OTHER_DEBIT,2095830500
T000000000092,A0000001,2026-03-14,CARD,1846679600
T000000000093,A0000004,2026-03-14,CARD,8927100
T000000000094,A0000011,2026-03-14,CARD,1997300
T000000000095,A0000048,2026-03-14,CREDIT,2376100
T000000000096,A0000048,2026-03-14,CARD,27669900
T000000000097,A0000038,2026-03-14,OWN_CREDIT,7415300
T000000000098,A0000014,2026-03-14,TERM_MATURITY_CREDIT,894600
T000000000099,A0000002,2026-03-15,CREDIT,9844800
T000000000100,A0000035,2026-03-15,OTHER_DEBIT,26003500
T000000000101,A0000008,2026-03-15,OTHER_DEBIT,2483300
T000000000102,A0000020,2026-03-15,CREDIT,35448900
T000000000103,A0000028,2026-03-15,OTHER_DEBIT,14653100
T000000000104,A0000033,2026-03-15,OTHER_DEBIT,2464600
T000000000105,A0000001,2026-03-16,CASH,3908400
T000000000106,A0000016,2026-03-16,CREDIT,2214100
T000000000107,A0000011,2026-03-16,OTHER_DEBIT,8297900
T000000000108,A0000001,2026-03-16,OTHER_DEBIT,2815800
T000000000109,A0000008,2026-03-16,CREDIT,288258700
T000000000110,A0000006,2026-03-16,CARD,2160100
T000000000111,A0000014,2026-03-17,CASH,15563700
T000000000112,A0000006,2026-03-17,OTHER_DEBIT,18232400
T000000000113,A0000007,2026-03-17,OTHER_DEBIT,93316700
T000000000114,A0000002,2026-03-17,OTHER_DEBIT,5443900
T000000000115,A0000030,2026-03-17,CARD,19157700
T000000000116,A0000023,2026-03-17,OTHER_DEBIT,4647800
T000000000117,A0000009,2026-03-18,LOAN_CREDIT,1918100
T000000000118,A0000005,2026-03-18,OTHER_DEBIT,14147100
T000000000119,A0000040,2026-03-18,CARD,2182600
T000000000120,A0000001,2026-03-18,CARD,8286600
T000000000121,A0000028,2026-03-18,CARD,6523400
T000000000122,A0000026,2026-03-18,CASH,15123900
T000000000123,A0000045,2026-03-19,LOAN_CREDIT,49832200
T000000000124,A0000002,2026-03-19,LOAN_CREDIT,2724500
T000000000125,A0000018,2026-03-19,CARD,5720600
T000000000126,A0000020,2026-03-19,CREDIT,33126200
T000000000127,A0000039,2026-03-19,OTHER_DEBIT,585800
T000000000128,A0000008,2026-03-19,CREDIT,12501800
T000000000129,A0000001,2026-03-20,OTHER_DEBIT,5109600
T000000000130,A0000002,2026-03-20,CREDIT,154068700
T000000000131,A0000003,2026-03-20,CARD,1201600
T000000000132,A0000015,2026-03-20,OWN_CREDIT,47249300
T000000000133,A0000001,2026-03-20,LOAN_CREDIT,11024300
T000000000134,A0000002,2026-03-20,OTHER_DEBIT,34178100
T000000000135,A0000037,2026-03-21,OTHER_DEBIT,22098100
T000000000136,A0000016,2026-03-21,LOAN_CREDIT,83477700
T000000000137,A0000030,2026-03-21,CREDIT,7815300
T000000000138,A0000001,2026-03-21,OTHER_DEBIT,190781300
T000000000139,A0000050,2026-03-21,CREDIT,151362600
T000000000140,A0000028,2026-03-21,TERM_MATURITY_CREDIT,11982500
T000000000141,A0000041,2026-03-22,CREDIT,3694000
T000000000142,A0000038,2026-03-22,CARD,14249200
T000000000143,A0000016,2026-03-22,OTHER_DEBIT,573100
T000000000144,A0000002,2026-03-22,CREDIT,86943600
T000000000145,A0000007,2026-03-22,CARD,362179200
T000000000146,A0000006,2026-03-22,CARD,11508600
T000000000147,A0000001,2026-03-23,CARD,7133400
T000000000148,A0000009,2026-03-23,OTHER_DEBIT,109166600
T000000000149,A0000041,2026-03-23,OTHER_DEBIT,60777000
T000000000150,A0000018,2026-03-23,OTHER_DEBIT,77591500
T000000000151,A0000019,2026-03-23,CREDIT,1511800
T000000000152,A0000001,2026-03-23,CREDIT,643891100
T000000000153,A0000022,2026-03-24,OTHER_DEBIT,139400
T000000000154,A0000003,2026-03-24,CARD,32808100
T000000000155,A0000015,2026-03-24,CREDIT,25668300
T000000000156,A0000011,2026-03-24,OTHER_DEBIT,30734200
T000000000157,A0000015,2026-03-24,OWN_CREDIT,19944500
T000000000158,A0000001,2026-03-24,OTHER_DEBIT,37053700
T000000000159,A0000002,2026-03-25,CREDIT,75161900
T000000000160,A0000005,2026-03-25,CREDIT,126837600
T000000000161,A0000001,2026-03-25,CARD,339940100
T000000000162,A0000001,2026-03-25,CASH,10748500
T000000000163,A0000002,2026-03-25,OTHER_DEBIT,22877300
T000000000164,A0000012,2026-03-25,CARD_REFUND,15179600
T000000000165,A0000026,2026-03-26,OWN_CREDIT,728000
T000000000166,A0000003,2026-03-26,OTHER_DEBIT,2323500
T000000000167,A0000010,2026-03-26,CARD_REFUND,5058600
T000000000168,A0000024,2026-03-26,CASH,96674300
T000000000169,A0000042,2026-03-26,CARD,55767100
T000000000170,A0000001,2026-03-26,CARD,16101300
T000000000171,A0000022,2026-03-27,OTHER_DEBIT,19633900
T000000000172,A0000001,2026-03-27,CREDIT,30358900
T000000000173,A0000030,2026-03-27,OWN_CREDIT,97951100
T000000000174,A0000014,2026-03-27,OTHER_DEBIT,9264200
T000000000175,A0000034,2026-03-27,OWN_CREDIT,15790800
T000000000176,A0000025,2026-03-27,CREDIT,28033600
T000000000177,A0000002,2026-03-28,OWN_CREDIT,60600100
T000000000178,A0000006,2026-03-28,CREDIT,2401600
T000000000179,A0000027,2026-03-28,CARD,1651900
T000000000180,A0000038,2026-03-28,CREDIT,245173500
T000000000181,A0000035,2026-03-28,OTHER_DEBIT,43705500
T000000000182,A0000001,2026-03-28,OTHER_DEBIT,81007600
T000000000183,A0000018,2026-03-29,OTHER_DEBIT,16234900
T000000000184,A0000001,2026-03-29,CREDIT,88854200
T000000000185,A0000005,2026-03-29,CARD,64757600
T000000000186,A0000001,2026-03-29,CREDIT,30966500
T000000000187,A0000011,2026-03-29,OWN_CREDIT,30253700
T000000000188,A0000028,2026-03-29,OTHER_DEBIT,4132700
T000000000189,A0000011,2026-03-30,CREDIT,11745900
T000000000190,A0000015,2026-03-30,CREDIT,79236000
T000000000191,A0000003,2026-03-30,CARD_REFUND,16477500
T000000000192,A0000001,2026-03-30,CARD,18071100
T000000000193,A0000003,2026-03-30,CREDIT,74920700
T000000000194,A0000008,2026-03-30,CREDIT,13392100
T000000000195,A0000001,2026-03-31,OTHER_DEBIT,5584400
T000000000196,A0000001,2026-03-31,CREDIT,4156300
T000000000197,A0000021,2026-03-31,CARD,170959900
T000000000198,A0000009,2026-03-31,CARD,3943900
T000000000199,A0000005,2026-03-31,CREDIT,670851800
T000000000200,A0000048,2026-03-31,CASH,3088600
T000000000201,A0000015,2026-04-01,CREDIT,3272400
T000000000202,A0000017,2026-04-01,CARD,13216400
T000000000203,A0000045,2026-04-01,CREDIT,13737900
T000000000204,A0000010,2026-04-01,CREDIT,10950000
T000000000205,A0000040,2026-04-01,LOAN_CREDIT,79475000
T000000000206,A0000046,2026-04-01,OTHER_DEBIT,25612000
T000000000207,A0000002,2026-04-01,CREDIT,33068000
T000000000208,A0000001,2026-04-02,OTHER_DEBIT,37592200
T000000000209,A0000012,2026-04-02,OWN_CREDIT,109032400
T000000000210,A0000005,2026-04-02,OTHER_DEBIT,229676700
T000000000211,A0000006,2026-04-02,CARD,6285800
T000000000212,A0000001,2026-04-02,OTHER_DEBIT,47466200
T000000000213,A0000002,2026-04-02,CARD,38199700
T000000000214,A0000023,2026-04-02,CARD,359146500
T000000000215,A0000036,2026-04-03,OTHER_DEBIT,3151700
T000000000216,A0000010,2026-04-03,CASH,2815700
T000000000217,A0000001,2026-04-03,CREDIT,4576900
T000000000218,A0000004,2026-04-03,OTHER_DEBIT,13554800
T000000000219,A0000001,2026-04-03,OTHER_DEBIT,1232300
T000000000220,A0000038,2026-04-03,CREDIT,21294400
T000000000221,A0000015,2026-04-03,OTHER_DEBIT,22581300
T000000000222,A0000014,2026-04-04,CARD,4969100
T000000000223,A0000037,2026-04-04,CREDIT,1458400
T000000000224,A0000024,2026-04-04,OTHER_DEBIT,26875800
T000000000225,A0000031,2026-04-04,CARD,1688900
T000000000226,A0000023,2026-04-04,CREDIT,42153100
T000000000227,A0000001,2026-04-04,CARD,39909900
T000000000228,A0000038,2026-04-04,CARD,2641000
T000000000229,A0000004,2026-04-05,CARD,27108400
T000000000230,A0000030,2026-04-05,OWN_CREDIT,5211300
T000000000231,A0000027,2026-04-05,CREDIT,3288000
T000000000232,A0000024,2026-04-05,CREDIT,14497100
T000000000233,A0000012,2026-04-05,CASH,946200
T000000000234,A0000020,2026-04-05,OTHER_DEBIT,1081100
T000000000235,A0000023,2026-04-05,CREDIT,381100
T000000000236,A0000020,2026-04-06,CARD,1870100
T000000000237,A0000006,2026-04-06,CREDIT,56500
T000000000238,A0000001,2026-04-06,CREDIT,1296000
T000000000239,A0000018,2026-04-06,CREDIT,215270500
T000000000240,A0000001,2026-04-06,OTHER_DEBIT,19516300
T000000000241,A0000013,2026-04-06,LOAN_CREDIT,71139600
T000000000242,A0000046,2026-04-06,OTHER_DEBIT,89484100
T000000000243,A0000043,2026-04-07,CARD,2939000
T000000000244,A0000021,2026-04-07,TERM_MATURITY_CREDIT,69742300
T000000000245,A0000001,2026-04-07,CREDIT,142387700
T000000000246,A0000043,2026-04-07,CARD,11048300
T000000000247,A0000020,2026-04-07,CREDIT,4464600
T000000000248,A0000007,2026-04-07,CARD,3301000
T000000000249,A0000018,2026-04-07,CREDIT,16608900
T000000000250,A0000027,2026-04-08,OTHER_DEBIT,23595400
T000000000251,A0000002,2026-04-08,CASH,4613500
T000000000252,A0000044,2026-04-08,OTHER_DEBIT,42189100
T000000000253,A0000007,2026-04-08,CREDIT,67005700
T000000000254,A0000050,2026-04-08,CREDIT,64555300
T000000000255,A0000020,2026-04-08,CARD_REFUND,141904000
T000000000256,A0000001,2026-04-08,OWN_CREDIT,27795300
T000000000257,A0000003,2026-04-09,CREDIT,299918200
T000000000258,A0000004,2026-04-09,OTHER_DEBIT,506243300
T000000000259,A0000029,2026-04-09,OTHER_DEBIT,90345300
T000000000260,A0000049,2026-04-09,CARD,305010300
T000000000261,A0000028,2026-04-09,LOAN_CREDIT,12004700
T000000000262,A0000005,2026-04-09,CASH,744800
T000000000263,A0000007,2026-04-09,OTHER_DEBIT,2205700
T000000000264,A0000038,2026-04-10,OWN_CREDIT,7892000
T000000000265,A0000048,2026-04-10,CARD,152970900
T000000000266,A0000011,2026-04-10,CARD,33190100
T000000000267,A0000043,2026-04-10,CARD,46559600
T000000000268,A0000037,2026-04-10,CREDIT,7162000
T000000000269,A0000005,2026-04-10,OWN_CREDIT,21183200
T000000000270,A0000001,2026-04-10,OTHER_DEBIT,2009600
T000000000271,A0000029,2026-04-11,CASH,3158400
T000000000272,A0000042,2026-04-11,OTHER_DEBIT,10421100
T000000000273,A0000005,2026-04-11,CASH,22729800
T000000000274,A0000002,2026-04-11,CASH,5344300
T000000000275,A0000015,2026-04-11,TERM_MATURITY_CREDIT,12974000
T000000000276,A0000007,2026-04-11,CASH,102745100
T000000000277,A0000006,2026-04-11,CARD,10492700
T000000000278,A0000050,2026-04-12,OTHER_DEBIT,24646400
T000000000279,A0000005,2026-04-12,OTHER_DEBIT,545418200
T000000000280,A0000022,2026-04-12,OTHER_DEBIT,92124400
T000000000281,A0000001,2026-04-12,OWN_CREDIT,141840200
T000000000282,A0000005,2026-04-12,CREDIT,7909000
T000000000283,A0000014,2026-04-12,CARD,34729400
T000000000284,A0000012,2026-04-12,CARD,5999000
T000000000285,A0000010,2026-04-13,OTHER_DEBIT,12635300
T000000000286,A0000001,2026-04-13,CARD,23976200
T000000000287,A0000009,2026-04-13,CARD,154868600
T000000000288,A0000029,2026-04-13,CARD,16888000
T000000000289,A0000050,2026-04-13,CREDIT,7827100
T000000000290,A0000002,2026-04-13,CARD,1741500
T000000000291,A0000043,2026-04-13,CREDIT,46735100
T000000000292,A0000010,2026-04-14,OWN_CREDIT,23526900
T000000000293,A0000006,2026-04-14,OTHER_DEBIT,16999300
T000000000294,A0000001,2026-04-14,OTHER_DEBIT,10397400
T000000000295,A0000017,2026-04-14,CREDIT,55575700
T000000000296,A0000047,2026-04-14,CARD,8785300
T000000000297,A0000001,2026-04-14,CREDIT,6937900
T000000000298,A0000046,2026-04-14,CARD,15133500
T000000000299,A0000037,2026-04-15,OTHER_DEBIT,2529200
T000000000300,A0000032,2026-04-15,CASH,9586700
T000000000301,A0000010,2026-04-15,OWN_CREDIT,12943500
T000000000302,A0000008,2026-04-15,CARD,4743700
T000000000303,A0000016,2026-04-15,CREDIT,67787200
T000000000304,A0000037,2026-04-15,LOAN_CREDIT,1956700
T000000000305,A0000014,2026-04-15,OTHER_DEBIT,15097900
T000000000306,A0000006,2026-04-16,CREDIT,37286400
T000000000307,A0000001,2026-04-16,OWN_CREDIT,28675900
T000000000308,A0000028,2026-04-16,CREDIT,8637100
T000000000309,A0000005,2026-04-16,CREDIT,4466700
T000000000310,A0000045,2026-04-16,CARD,17106700
T000000000311,A0000030,2026-04-16,OTHER_DEBIT,60106800
T000000000312,A0000007,2026-04-16,CREDIT,102500
T000000000313,A0000004,2026-04-17,CARD,4738400
T000000000314,A0000012,2026-04-17,CARD,24190600
T000000000315,A0000006,2026-04-17,CREDIT,5723400
T000000000316,A0000020,2026-04-17,OTHER_DEBIT,238900
T000000000317,A0000044,2026-04-17,CREDIT,17560000
T000000000318,A0000008,2026-04-17,CREDIT,78340000
T000000000319,A0000011,2026-04-17,OTHER_DEBIT,2629600
T000000000320,A0000010,2026-04-18,CREDIT,362497500
T000000000321,A0000007,2026-04-18,OTHER_DEBIT,2094200
T000000000322,A0000011,2026-04-18,CREDIT,3614600
T000000000323,A0000002,2026-04-18,CREDIT,23352100
T000000000324,A0000027,2026-04-18,CREDIT,1473800
T000000000325,A0000023,2026-04-18,CARD,17431300
T000000000326,A0000047,2026-04-18,OWN_CREDIT,15984400
T000000000327,A0000001,2026-04-19,OTHER_DEBIT,21274100
T000000000328,A0000022,2026-04-19,CREDIT,5779300
T000000000329,A0000009,2026-04-19,OWN_CREDIT,9492000
T000000000330,A0000002,2026-04-19,OTHER_DEBIT,6033800
T000000000331,A0000002,2026-04-19,OTHER_DEBIT,7889700
T000000000332,A0000003,2026-04-19,CASH,1048300
T000000000333,A0000022,2026-04-19,CREDIT,4432900
T000000000334,A0000010,2026-04-20,CARD,191700
T000000000335,A0000042,2026-04-20,LOAN_CREDIT,15055100
T000000000336,A0000037,2026-04-20,OWN_CREDIT,23260800
T000000000337,A0000005,2026-04-20,CARD,11752800
T000000000338,A0000035,2026-04-20,OTHER_DEBIT,39040800
T000000000339,A0000011,2026-04-20,OTHER_DEBIT,4109500
T000000000340,A0000006,2026-04-20,CARD,90979800
T000000000341,A0000005,2026-04-21,CASH,190733700
T000000000342,A0000004,2026-04-21,CARD,618500
T000000000343,A0000011,2026-04-21,LOAN_CREDIT,63800
T000000000344,A0000046,2026-04-21,CREDIT,3633200
T000000000345,A0000001,2026-04-21,CARD,238486200
T000000000346,A0000013,2026-04-21,CREDIT,11956900
T000000000347,A0000043,2026-04-22,CARD,137337800
T000000000348,A0000005,2026-04-22,CARD,26648900
T000000000349,A0000009,2026-04-22,OTHER_DEBIT,2133300
T000000000350,A0000006,2026-04-22,OTHER_DEBIT,51684600
T000000000351,A0000030,2026-04-22,CREDIT,591600
T000000000352,A0000005,2026-04-22,OTHER_DEBIT,370828900
T000000000353,A0000008,2026-04-23,CASH,207080500
T000000000354,A0000001,2026-04-23,CARD,12179100
T000000000355,A0000026,2026-04-23,OTHER_DEBIT,116985900
T000000000356,A0000003,2026-04-23,CREDIT,116289100
T000000000357,A0000012,2026-04-23,CARD,78377100
T000000000358,A0000028,2026-04-23,CREDIT,76054800
T000000000359,A0000038,2026-04-24,OTHER_DEBIT,28231800
T000000000360,A0000001,2026-04-24,CARD,10671600
T000000000361,A0000019,2026-04-24,CARD,3554300
T000000000362,A0000002,2026-04-24,CREDIT,14504000
T000000000363,A0000015,2026-04-24,CREDIT,904900
T000000000364,A0000012,2026-04-24,CARD,194525700
T000000000365,A0000044,2026-04-25,CREDIT,27167600
T000000000366,A0000017,2026-04-25,CREDIT,7121600
T000000000367,A0000001,2026-04-25,CREDIT,160404000
T000000000368,A0000006,2026-04-25,OTHER_DEBIT,63121300
T000000000369,A0000004,2026-04-25,CREDIT,262460800
T000000000370,A0000010,2026-04-25,CASH,4565600
T000000000371,A0000002,2026-04-26,CARD,2978400
T000000000372,A0000041,2026-04-26,CARD_REFUND,1166400
T000000000373,A0000001,2026-04-26,OTHER_DEBIT,80200600
T000000000374,A0000005,2026-04-26,OTHER_DEBIT,661100
T000000000375,A0000032,2026-04-26,CARD,1026300
T000000000376,A0000005,2026-04-26,CREDIT,3929300
T000000000377,A0000003,2026-04-27,CARD,32723000
T000000000378,A0000022,2026-04-27,OTHER_DEBIT,31305100
T000000000379,A0000021,2026-04-27,CREDIT,38425200
T000000000380,A0000030,2026-04-27,CARD,33183700
T000000000381,A0000001,2026-04-27,OTHER_DEBIT,1407900
T000000000382,A0000015,2026-04-27,CREDIT,1278100
T000000000383,A0000024,2026-04-28,OTHER_DEBIT,114620900
T000000000384,A0000003,2026-04-28,LOAN_CREDIT,3339700
T000000000385,A0000028,2026-04-28,CREDIT,53775000
T000000000386,A0000001,2026-04-28,OTHER_DEBIT,2955900
T000000000387,A0000001,2026-04-28,CARD,61268300
T000000000388,A0000005,2026-04-28,CARD,5077700
T000000000389,A0000042,2026-04-29,CREDIT,26203500
T000000000390,A0000017,2026-04-29,CARD,37263500
T000000000391,A0000003,2026-04-29,OWN_CREDIT,6582000
T000000000392,A0000018,2026-04-29,CARD,9263600
T000000000393,A0000002,2026-04-29,OWN_CREDIT,51651500
T000000000394,A0000001,2026-04-29,OTHER_DEBIT,13369300
T000000000395,A0000023,2026-04-30,CREDIT,9835400
T000000000396,A0000021,2026-04-30,OTHER_DEBIT,2617200
T000000000397,A0000050,2026-04-30,OTHER_DEBIT,34432100
T000000000398,A0000008,2026-04-30,OWN_CREDIT,22564200
T000000000399,A0000008,2026-04-30,CREDIT,15181400
T000000000400,A0000003,2026-04-30,CREDIT,5923400
T000000000401,A0000011,2026-05-01,CARD,3570900
T000000000402,A0000001,2026-05-01,CARD,21242900
T000000000403,A0000038,2026-05-01,OTHER_DEBIT,42270000
T000000000404,A0000015,2026-05-01,OTHER_DEBIT,21214100
T000000000405,A0000002,2026-05-01,CREDIT,839100
T000000000406,A0000013,2026-05-01,OTHER_DEBIT,16156600
T000000000407,A0000032,2026-05-01,CASH,141556600
T000000000408,A0000018,2026-05-02,CARD,26996700
T000000000409,A0000039,2026-05-02,OTHER_DEBIT,1146900
T000000000410,A0000031,2026-05-02,CREDIT,2555500
T000000000411,A0000029,2026-05-02,OTHER_DEBIT,185400
T000000000412,A0000040,2026-05-02,OWN_CREDIT,7817500
T000000000413,A0000008,2026-05-02,CARD,7721000
T000000000414,A0000045,2026-05-02,LOAN_CREDIT,6498800
T000000000415,A0000004,2026-05-03,OTHER_DEBIT,371810900
T000000000416,A0000011,2026-05-03,CREDIT,12013100
T000000000417,A0000031,2026-05-03,CARD,6059600
T000000000418,A0000018,2026-05-03,CREDIT,137252200
T000000000419,A0000013,2026-05-03,CREDIT,41940600
T000000000420,A0000019,2026-05-03,OTHER_DEBIT,21561200
T000000000421,A0000044,2026-05-03,CASH,2463000
T000000000422,A0000001,2026-05-04,OWN_CREDIT,338100
T000000000423,A0000004,2026-05-04,OTHER_DEBIT,7298700
T000000000424,A0000023,2026-05-04,OWN_CREDIT,50815300
T000000000425,A0000001,2026-05-04,CARD,32381500
T000000000426,A0000041,2026-05-04,CASH,14652400
T000000000427,A0000001,2026-05-04,CREDIT,112971000
T000000000428,A0000012,2026-05-04,CREDIT,5472100
T000000000429,A0000010,2026-05-05,OTHER_DEBIT,43022000
T000000000430,A0000021,2026-05-05,CREDIT,6578300
T000000000431,A0000008,2026-05-05,OWN_CREDIT,37541000
T000000000432,A0000003,2026-05-05,OTHER_DEBIT,28243100
T000000000433,A0000009,2026-05-05,OTHER_DEBIT,12953100
T000000000434,A0000001,2026-05-05,CARD,1119900
T000000000435,A0000049,2026-05-05,CARD,11981200
T000000000436,A0000030,2026-05-06,CREDIT,35135600
T000000000437,A0000002,2026-05-06,TERM_MATURITY_CREDIT,63791100
T000000000438,A0000008,2026-05-06,CARD,8893700
T000000000439,A0000026,2026-05-06,CARD,2586600
T000000000440,A0000014,2026-05-06,CREDIT,559500
T000000000441,A0000039,2026-05-06,TERM_MATURITY_CREDIT,4661900
T000000000442,A0000003,2026-05-06,OTHER_DEBIT,225793200
T000000000443,A0000046,2026-05-07,CREDIT,382127300
T000000000444,A0000003,2026-05-07,LOAN_CREDIT,816100
T000000000445,A0000016,2026-05-07,CREDIT,6995500
T000000000446,A0000004,2026-05-07,CREDIT,854200
T000000000447,A0000020,2026-05-07,CASH,7755800
T000000000448,A0000001,2026-05-07,CASH,1447200
T000000000449,A0000028,2026-05-07,CREDIT,6084600
T000000000450,A0000008,2026-05-08,CARD,2633600
T000000000451,A0000023,2026-05-08,OTHER_DEBIT,14751900
T000000000452,A0000001,2026-05-08,CARD,63611600
T000000000453,A0000011,2026-05-08,CREDIT,114618800
T000000000454,A0000001,2026-05-08,OWN_CREDIT,3130800
T000000000455,A0000001,2026-05-08,CASH,6399000
T000000000456,A0000038,2026-05-08,OTHER_DEBIT,250600
T000000000457,A0000045,2026-05-09,OTHER_DEBIT,23928300
T000000000458,A0000041,2026-05-09,OTHER_DEBIT,934500
T000000000459,A0000030,2026-05-09,CREDIT,22617500
T000000000460,A0000005,2026-05-09,OWN_CREDIT,13507400
T000000000461,A0000038,2026-05-09,OTHER_DEBIT,1313200
T000000000462,A0000031,2026-05-09,OTHER_DEBIT,5742000
T000000000463,A0000010,2026-05-09,TERM_MATURITY_CREDIT,5892100
T000000000464,A0000035,2026-05-10,CARD_REFUND,34599700
T000000000465,A0000048,2026-05-10,OTHER_DEBIT,6724400
T000000000466,A0000027,2026-05-10,OTHER_DEBIT,13480300
T000000000467,A0000001,2026-05-10,CREDIT,295689500
T000000000468,A0000008,2026-05-10,CREDIT,7610500
T000000000469,A0000036,2026-05-10,OTHER_DEBIT,983300
T000000000470,A0000001,2026-05-10,CARD,37418000
T000000000471,A0000047,2026-05-11,CASH,10758400
T000000000472,A0000034,2026-05-11,CARD_REFUND,33995200
T000000000473,A0000009,2026-05-11,CARD,1351000
T000000000474,A0000002,2026-05-11,CREDIT,6261900
T000000000475,A0000001,2026-05-11,OWN_CREDIT,60722000
T000000000476,A0000007,2026-05-11,CARD,8183900
T000000000477,A0000004,2026-05-11,CARD,1778900
T000000000478,A0000001,2026-05-12,OWN_CREDIT,4485800
T000000000479,A0000007,2026-05-12,LOAN_CREDIT,46469400
T000000000480,A0000001,2026-05-12,CREDIT,41687400
T000000000481,A0000003,2026-05-12,LOAN_CREDIT,55813000
T000000000482,A0000003,2026-05-12,CARD,33341700
T000000000483,A0000001,2026-05-12,CREDIT,49939400
T000000000484,A0000011,2026-05-12,OTHER_DEBIT,13356200
T000000000485,A0000010,2026-05-13,OTHER_DEBIT,12487500
T000000000486,A0000009,2026-05-13,CARD,41223400
T000000000487,A0000042,2026-05-13,OTHER_DEBIT,30509600
T000000000488,A0000001,2026-05-13,CASH,2399900
T000000000489,A0000007,2026-05-13,CREDIT,172585200
T000000000490,A0000021,2026-05-13,CREDIT,1083400
T000000000491,A0000005,2026-05-13,OTHER_DEBIT,693273200
T000000000492,A0000004,2026-05-14,OTHER_DEBIT,1494700
T000000000493,A0000006,2026-05-14,CARD,47925100
T000000000494,A0000022,2026-05-14,CREDIT,30587400
T000000000495,A0000019,2026-05-14,CARD,4892600
T000000000496,A0000018,2026-05-14,OWN_CREDIT,322826500
T000000000497,A0000001,2026-05-14,CARD,704300
T000000000498,A0000005,2026-05-14,OTHER_DEBIT,388215400
T000000000499,A0000047,2026-05-15,CREDIT,16057700
T000000000500,A0000016,2026-05-15,OTHER_DEBIT,1124300
T000000000501,A0000045,2026-05-15,OTHER_DEBIT,9212000
T000000000502,A0000003,2026-05-15,CARD,26309800
T000000000503,A0000019,2026-05-15,TERM_MATURITY_CREDIT,26396300
T000000000504,A0000034,2026-05-15,OTHER_DEBIT,5181000
T000000000505,A0000010,2026-05-16,CREDIT,26946100
T000000000506,A0000022,2026-05-16,CREDIT,22202600
T000000000507,A0000002,2026-05-16,CARD_REFUND,9025800
T000000000508,A0000001,2026-05-16,CARD,8312000
T000000000509,A0000027,2026-05-16,CARD,1665300
T000000000510,A0000013,2026-05-16,TERM_MATURITY_CREDIT,12868600
T000000000511,A0000044,2026-05-17,CREDIT,5348500
T000000000512,A0000011,2026-05-17,CASH,42173300
T000000000513,A0000001,2026-05-17,CARD,2084000
T000000000514,A0000032,2026-05-17,OWN_CREDIT,787373100
T000000000515,A0000002,2026-05-17,CARD,13273900
T000000000516,A0000001,2026-05-17,CARD,27058400
T000000000517,A0000015,2026-05-18,OTHER_DEBIT,22570500
T000000000518,A0000020,2026-05-18,CREDIT,13783200
T000000000519,A0000017,2026-05-18,OTHER_DEBIT,5980300
T000000000520,A0000004,2026-05-18,CARD,9807200
T000000000521,A0000028,2026-05-18,CREDIT,656800
T000000000522,A0000034,2026-05-18,CREDIT,404600
T000000000523,A0000003,2026-05-19,CARD,1017800
T000000000524,A0000042,2026-05-19,OWN_CREDIT,1820900
T000000000525,A0000004,2026-05-19,CASH,14760100
T000000000526,A0000034,2026-05-19,CARD,1137100
T000000000527,A0000040,2026-05-19,CREDIT,16348400
T000000000528,A0000028,2026-05-19,OTHER_DEBIT,14603300
T000000000529,A0000010,2026-05-20,CREDIT,47551000
T000000000530,A0000001,2026-05-20,CREDIT,7468800
T000000000531,A0000039,2026-05-20,CARD,32318900
T000000000532,A0000045,2026-05-20,CARD,703562100
T000000000533,A0000004,2026-05-20,CARD,8911000
T000000000534,A0000012,2026-05-20,OTHER_DEBIT,5599400
T000000000535,A0000001,2026-05-21,CREDIT,37830800
T000000000536,A0000003,2026-05-21,CASH,140995200
T000000000537,A0000032,2026-05-21,OTHER_DEBIT,134657500
T000000000538,A0000015,2026-05-21,TERM_MATURITY_CREDIT,34441600
T000000000539,A0000012,2026-05-21,CREDIT,6913200
T000000000540,A0000045,2026-05-21,LOAN_CREDIT,8977900
T000000000541,A0000004,2026-05-22,CREDIT,2921000
T000000000542,A0000002,2026-05-22,CARD,4954000
T000000000543,A0000026,2026-05-22,CASH,349600
T000000000544,A0000009,2026-05-22,CREDIT,66744300
T000000000545,A0000022,2026-05-22,CASH,51462400
T000000000546,A0000002,2026-05-22,CASH,12517800
T000000000547,A0000033,2026-05-23,CARD,85010400
T000000000548,A0000003,2026-05-23,CARD_REFUND,26739800
T000000000549,A0000027,2026-05-23,CREDIT,5856100
T000000000550,A0000035,2026-05-23,CREDIT,8348200
T000000000551,A0000037,2026-05-23,OTHER_DEBIT,3677700
T000000000552,A0000037,2026-05-23,CASH,25441200
T000000000553,A0000003,2026-05-24,OTHER_DEBIT,50077300
T000000000554,A0000008,2026-05-24,OTHER_DEBIT,3357600
T000000000555,A0000037,2026-05-24,CASH,1161900
T000000000556,A0000031,2026-05-24,OTHER_DEBIT,7849700
T000000000557,A0000003,2026-05-24,CARD_REFUND,4635600
T000000000558,A0000038,2026-05-24,OTHER_DEBIT,10810800
T000000000559,A0000048,2026-05-25,CREDIT,35167100
T000000000560,A0000007,2026-05-25,CREDIT,9624800
T000000000561,A0000003,2026-05-25,OTHER_DEBIT,47555000
T000000000562,A0000050,2026-05-25,OTHER_DEBIT,191774200
T000000000563,A0000032,2026-05-25,LOAN_CREDIT,10784900
T000000000564,A0000004,2026-05-25,CARD,17359400
T000000000565,A0000001,2026-05-26,CARD,720600
T000000000566,A0000002,2026-05-26,CARD,6098400
T000000000567,A0000020,2026-05-26,CREDIT,3116100
T000000000568,A0000004,2026-05-26,CREDIT,3873000
T000000000569,A0000007,2026-05-26,CREDIT,1079900
T000000000570,A0000036,2026-05-26,CARD,61931800
T000000000571,A0000040,2026-05-27,CARD,3736000
T000000000572,A0000001,2026-05-27,CREDIT,20862700
T000000000573,A0000001,2026-05-27,CREDIT,220200600
T000000000574,A0000017,2026-05-27,OTHER_DEBIT,156070500
T000000000575,A0000001,2026-05-27,CARD,128898100
T000000000576,A0000025,2026-05-27,CREDIT,105140600
T000000000577,A0000002,2026-05-28,CASH,1798200
T000000000578,A0000001,2026-05-28,CARD,10557000
T000000000579,A0000040,2026-05-28,OWN_CREDIT,9955000
T000000000580,A0000008,2026-05-28,OTHER_DEBIT,6564600
T000000000581,A0000017,2026-05-28,OTHER_DEBIT,41363500
T000000000582,A0000028,2026-05-28,CASH,41623700
T000000000583,A0000001,2026-05-29,CARD,25738300
T000000000584,A0000014,2026-05-29,OTHER_DEBIT,2042600
T000000000585,A0000028,2026-05-29,CARD,16508900
T000000000586,A0000029,2026-05-29,CARD,55706900
T000000000587,A0000006,2026-05-29,OTHER_DEBIT,15732300
T000000000588,A0000012,2026-05-29,OTHER_DEBIT,1048300
T000000000589,A0000001,2026-05-30,CREDIT,1177900
T000000000590,A0000037,2026-05-30,OTHER_DEBIT,199095200
T000000000591,A0000048,2026-05-30,OTHER_DEBIT,18732900
T000000000592,A0000001,2026-05-30,CARD,7832200
T000000000593,A0000004,2026-05-30,OTHER_DEBIT,100601800
T000000000594,A0000025,2026-05-30,OWN_CREDIT,432500
T000000000595,A0000039,2026-05-31,OTHER_DEBIT,7442400
T000000000596,A0000012,2026-05-31,CREDIT,4909100
T000000000597,A0000028,2026-05-31,CASH,44517200
T000000000598,A0000005,2026-05-31,OTHER_DEBIT,732200
T000000000599,A0000048,2026-05-31,OTHER_DEBIT,37050400
T000000000600,A0000003,2026-05-31,CARD,46901800
T000000000601,A0000004,2026-06-01,CREDIT,106970400
T000000000602,A0000007,2026-06-01,CASH,3303500
T000000000603,A0000047,2026-06-01,OTHER_DEBIT,10466400
T000000000604,A0000006,2026-06-01,CASH,25881000
T000000000605,A0000001,2026-06-01,OTHER_DEBIT,7297600
T000000000606,A0000002,2026-06-01,CARD,48036500
T000000000607,A0000010,2026-06-01,OTHER_DEBIT,78354300
T000000000608,A0000050,2026-06-02,OWN_CREDIT,12868100
T000000000609,A0000001,2026-06-02,OTHER_DEBIT,14036200
T000000000610,A0000046,2026-06-02,CASH,5741000
T000000000611,A0000002,2026-06-02,CREDIT,4752000
T000000000612,A0000011,2026-06-02,OTHER_DEBIT,101504300
T000000000613,A0000002,2026-06-02,CASH,326481800
T000000000614,A0000002,2026-06-02,CARD,45404800
T000000000615,A0000015,2026-06-03,TERM_MATURITY_CREDIT,3104400
T000000000616,A0000002,2026-06-03,OWN_CREDIT,20210000
T000000000617,A0000001,2026-06-03,CREDIT,275624500
T000000000618,A0000011,2026-06-03,CREDIT,10504700
T000000000619,A0000011,2026-06-03,CARD,4047800
T000000000620,A0000019,2026-06-03,CREDIT,47000300
T000000000621,A0000039,2026-06-03,CARD,14684900
T000000000622,A0000011,2026-06-04,OTHER_DEBIT,16275200
T000000000623,A0000038,2026-06-04,CARD,5420300
T000000000624,A0000004,2026-06-04,CASH,2059400
T000000000625,A0000017,2026-06-04,CREDIT,6102900
T000000000626,A0000006,2026-06-04,CASH,1910700
T000000000627,A0000014,2026-06-04,LOAN_CREDIT,11434700
T000000000628,A0000001,2026-06-04,CARD,21163900
T000000000629,A0000022,2026-06-05,OWN_CREDIT,646383500
T000000000630,A0000050,2026-06-05,CREDIT,2280500
T000000000631,A0000003,2026-06-05,CREDIT,38288700
T000000000632,A0000001,2026-06-05,CREDIT,20663200
T000000000633,A0000030,2026-06-05,CARD,47469200
T000000000634,A0000013,2026-06-05,CARD,9961400
T000000000635,A0000032,2026-06-05,OTHER_DEBIT,51853700
T000000000636,A0000043,2026-06-06,CARD,3730700
T000000000637,A0000005,2026-06-06,OTHER_DEBIT,12555700
T000000000638,A0000001,2026-06-06,CARD,172800
T000000000639,A0000022,2026-06-06,CREDIT,1733600
T000000000640,A0000008,2026-06-06,CARD,768800
T000000000641,A0000037,2026-06-06,OWN_CREDIT,24136100
T000000000642,A0000005,2026-06-06,OTHER_DEBIT,20339300
T000000000643,A0000026,2026-06-07,OTHER_DEBIT,6621800
T000000000644,A0000002,2026-06-07,CREDIT,64054600
T000000000645,A0000040,2026-06-07,CREDIT,80189400
T000000000646,A0000002,2026-06-07,OTHER_DEBIT,86228800
T000000000647,A0000002,2026-06-07,CARD,6759300
T000000000648,A0000038,2026-06-07,CARD,12014200
T000000000649,A0000022,2026-06-07,OTHER_DEBIT,5610500
T000000000650,A0000001,2026-06-08,CREDIT,16992100
T000000000651,A0000043,2026-06-08,LOAN_CREDIT,76795600
T000000000652,A0000001,2026-06-08,OWN_CREDIT,29496300
T000000000653,A0000026,2026-06-08,LOAN_CREDIT,7779700
T000000000654,A0000003,2026-06-08,CREDIT,25486600
T000000000655,A0000015,2026-06-08,CREDIT,1367300
T000000000656,A0000040,2026-06-08,OTHER_DEBIT,1659000
T000000000657,A0000048,2026-06-09,CASH,3614500
T000000000658,A0000024,2026-06-09,CARD,4437800
T000000000659,A0000010,2026-06-09,CREDIT,18715700
T000000000660,A0000023,2026-06-09,CREDIT,1119700
T000000000661,A0000033,2026-06-09,CREDIT,1355900
T000000000662,A0000007,2026-06-09,CREDIT,727000
T000000000663,A0000034,2026-06-09,CARD,35742400
T000000000664,A0000001,2026-06-10,CARD,682500
T000000000665,A0000028,2026-06-10,OTHER_DEBIT,43738500
T000000000666,A0000023,2026-06-10,OWN_CREDIT,323537900
T000000000667,A0000016,2026-06-10,OTHER_DEBIT,265620800
T000000000668,A0000025,2026-06-10,CARD,9422200
T000000000669,A0000016,2026-06-10,OTHER_DEBIT,121433400
T000000000670,A0000012,2026-06-10,OTHER_DEBIT,23086300
T000000000671,A0000030,2026-06-11,OTHER_DEBIT,107116000
T000000000672,A0000019,2026-06-11,CREDIT,5225600
T000000000673,A0000028,2026-06-11,OTHER_DEBIT,50421500
T000000000674,A0000002,2026-06-11,CREDIT,182684000
T000000000675,A0000010,2026-06-11,CREDIT,79889400
T000000000676,A0000003,2026-06-11,OTHER_DEBIT,1940800
T000000000677,A0000002,2026-06-11,OTHER_DEBIT,36377100
T000000000678,A0000016,2026-06-12,OTHER_DEBIT,6425700
T000000000679,A0000026,2026-06-12,CARD,47426100
T000000000680,A0000006,2026-06-12,OTHER_DEBIT,172669100
T000000000681,A0000003,2026-06-12,CASH,10008700
T000000000682,A0000001,2026-06-12,CARD,14761300
T000000000683,A0000006,2026-06-12,OTHER_DEBIT,7234900
T000000000684,A0000029,2026-06-12,OTHER_DEBIT,1345400
T000000000685,A0000007,2026-06-13,TERM_MATURITY_CREDIT,1788100
T000000000686,A0000034,2026-06-13,OTHER_DEBIT,48462100
T000000000687,A0000032,2026-06-13,CARD,287160400
T000000000688,A0000035,2026-06-13,OTHER_DEBIT,14861500
T000000000689,A0000002,2026-06-13,CARD,6696600
T000000000690,A0000004,2026-06-13,LOAN_CREDIT,1061600
T000000000691,A0000014,2026-06-13,CARD,3378500
T000000000692,A0000001,2026-06-14,CARD,12130900
T000000000693,A0000020,2026-06-14,CARD,104345400
T000000000694,A0000047,2026-06-14,CARD,3587300
T000000000695,A0000002,2026-06-14,OTHER_DEBIT,4312300
T000000000696,A0000034,2026-06-14,CREDIT,4611200
T000000000697,A0000045,2026-06-14,OTHER_DEBIT,37997800
T000000000698,A0000012,2026-06-14,CASH,48624600
T000000000699,A0000017,2026-06-15,CREDIT,8200800
T000000000700,A0000050,2026-06-15,CREDIT,797000
T000000000701,A0000010,2026-06-15,OTHER_DEBIT,29463000
T000000000702,A0000043,2026-06-15,CASH,525600
T000000000703,A0000002,2026-06-15,CREDIT,957500
T000000000704,A0000020,2026-06-15,OWN_CREDIT,72730400
T000000000705,A0000018,2026-06-15,CARD,6071500
T000000000706,A0000002,2026-06-16,CASH,136255500
T000000000707,A0000014,2026-06-16,CREDIT,360800
T000000000708,A0000001,2026-06-16,OTHER_DEBIT,3695100
T000000000709,A0000045,2026-06-16,OTHER_DEBIT,9191100
T000000000710,A0000001,2026-06-16,CREDIT,7143000
T000000000711,A0000050,2026-06-16,OWN_CREDIT,1617000
T000000000712,A0000001,2026-06-16,OTHER_DEBIT,7149700
T000000000713,A0000031,2026-06-17,OTHER_DEBIT,2906200
T000000000714,A0000039,2026-06-17,CASH,2421700
T000000000715,A0000006,2026-06-17,CREDIT,27630100
T000000000716,A0000001,2026-06-17,CREDIT,66153500
T000000000717,A0000002,2026-06-17,CREDIT,83300
T000000000718,A0000027,2026-06-17,OTHER_DEBIT,7199400
T000000000719,A0000022,2026-06-17,OTHER_DEBIT,43121600
T000000000720,A0000001,2026-06-18,OTHER_DEBIT,1660400
T000000000721,A0000016,2026-06-18,CREDIT,2009400
T000000000722,A0000038,2026-06-18,CASH,20626600
T000000000723,A0000002,2026-06-18,OWN_CREDIT,40607900
T000000000724,A0000028,2026-06-18,CREDIT,50977500
T000000000725,A0000005,2026-06-18,CREDIT,5505800
T000000000726,A0000040,2026-06-18,CARD,51654100
T000000000727,A0000033,2026-06-19,CARD,27226900
T000000000728,A0000001,2026-06-19,CREDIT,44058900
T000000000729,A0000003,2026-06-19,CREDIT,32059900
T000000000730,A0000040,2026-06-19,LOAN_CREDIT,6334300
T000000000731,A0000036,2026-06-19,CARD,35802000
T000000000732,A0000003,2026-06-19,CREDIT,7428500
T000000000733,A0000013,2026-06-19,OTHER_DEBIT,190655100
T000000000734,A0000003,2026-06-20,CREDIT,6946800
T000000000735,A0000004,2026-06-20,CARD,13252900
T000000000736,A0000022,2026-06-20,OWN_CREDIT,354192800
T000000000737,A0000024,2026-06-20,CREDIT,30436900
T000000000738,A0000019,2026-06-20,CREDIT,501200
T000000000739,A0000001,2026-06-20,CARD,6914300
T000000000740,A0000001,2026-06-20,OTHER_DEBIT,86836600
T000000000741,A0000036,2026-06-21,OWN_CREDIT,5154000
T000000000742,A0000015,2026-06-21,CREDIT,6476200
T000000000743,A0000001,2026-06-21,CREDIT,7939700
T000000000744,A0000009,2026-06-21,CREDIT,4318000
T000000000745,A0000001,2026-06-21,CARD,968000
T000000000746,A0000021,2026-06-21,CREDIT,111852200
T000000000747,A0000003,2026-06-22,OTHER_DEBIT,12196000
T000000000748,A0000001,2026-06-22,OTHER_DEBIT,2211200
T000000000749,A0000021,2026-06-22,CARD,63248400
T000000000750,A0000036,2026-06-22,OWN_CREDIT,2631700
T000000000751,A0000029,2026-06-22,CREDIT,8086800
T000000000752,A0000001,2026-06-22,CREDIT,115506400
T000000000753,A0000007,2026-06-23,CREDIT,1110100
T000000000754,A0000034,2026-06-23,OTHER_DEBIT,11049800
T000000000755,A0000042,2026-06-23,OTHER_DEBIT,6216400
T000000000756,A0000047,2026-06-23,CARD,1596700
T000000000757,A0000005,2026-06-23,CARD,21771400
T000000000758,A0000003,2026-06-23,CARD,4346700
T000000000759,A0000009,2026-06-24,CARD,588000
T000000000760,A0000015,2026-06-24,CARD,4009500
T000000000761,A0000022,2026-06-24,OWN_CREDIT,139623500
T000000000762,A0000015,2026-06-24,CREDIT,22297800
T000000000763,A0000023,2026-06-24,LOAN_CREDIT,14003100
T000000000764,A0000026,2026-06-24,CASH,27047900
T000000000765,A0000006,2026-06-25,OTHER_DEBIT,223086000
T000000000766,A0000025,2026-06-25,OTHER_DEBIT,71047800
T000000000767,A0000049,2026-06-25,CREDIT,34770200
T000000000768,A0000011,2026-06-25,OTHER_DEBIT,9044300
T000000000769,A0000049,2026-06-25,OTHER_DEBIT,32718000
T000000000770,A0000027,2026-06-25,CREDIT,1446900
T000000000771,A0000045,2026-06-26,CARD,26100500
T000000000772,A0000003,2026-06-26,CREDIT,15370600
T000000000773,A0000023,2026-06-26,CREDIT,2521400
T000000000774,A0000008,2026-06-26,CARD,39937100
T000000000775,A0000003,2026-06-26,CARD,23366300
T000000000776,A0000007,2026-06-26,CASH,5205600
T000000000777,A0000010,2026-06-27,CREDIT,15916700
T000000000778,A0000012,2026-06-27,CREDIT,1466800
T000000000779,A0000026,2026-06-27,CREDIT,2461000
T000000000780,A0000008,2026-06-27,CARD,9538200
T000000000781,A0000024,2026-06-27,TERM_MATURITY_CREDIT,11329500
T000000000782,A0000026,2026-06-27,CASH,25281600
T000000000783,A0000010,2026-06-28,CREDIT,39389400
T000000000784,A0000012,2026-06-28,CARD,4504900
T000000000785,A0000003,2026-06-28,CARD,10152800
T000000000786,A0000005,2026-06-28,OWN_CREDIT,355772700
T000000000787,A0000014,2026-06-28,OTHER_DEBIT,21750900
T000000000788,A0000026,2026-06-28,CASH,25526900
T000000000789,A0000005,2026-06-29,OTHER_DEBIT,92100
T000000000790,A0000002,2026-06-29,LOAN_CREDIT,38057000
T000000000791,A0000009,2026-06-29,CARD,16475800
T000000000792,A0000001,2026-06-29,OTHER_DEBIT,1993400
T000000000793,A0000001,2026-06-29,OTHER_DEBIT,10000100
T000000000794,A0000011,2026-06-29,CREDIT,4000500
T000000000795,A0000041,2026-06-30,OTHER_DEBIT,768200
T000000000796,A0000046,2026-06-30,OTHER_DEBIT,10139900
T000000000797,A0000007,2026-06-30,CREDIT,150729100
T000000000798,A0000005,2026-06-30,CARD,801381900
T000000000799,A0000001,2026-06-30,OTHER_DEBIT,955700
T000000000800,A0000002,2026-06-30,CREDIT,40953900
T000000000801,A0000001,2026-07-01,CREDIT,36712800
T000000000802,A0000024,2026-07-01,OTHER_DEBIT,26203800
T000000000803,A0000001,2026-07-01,OWN_CREDIT,2596800
T000000000804,A0000042,2026-07-01,LOAN_CREDIT,3330700
T000000000805,A0000011,2026-07-01,CASH,261850600
T000000000806,A0000002,2026-07-01,CARD,13399600
T000000000807,A0000050,2026-07-01,CARD,25924400
T000000000808,A0000026,2026-07-02,OTHER_DEBIT,31771400
T000000000809,A0000037,2026-07-02,CASH,19944000
T000000000810,A0000033,2026-07-02,CARD,13780900
T000000000811,A0000002,2026-07-02,OTHER_DEBIT,29288700
T000000000812,A0000017,2026-07-02,CREDIT,3503700
T000000000813,A0000025,2026-07-02,OTHER_DEBIT,18146200
T000000000814,A0000012,2026-07-02,OTHER_DEBIT,8188200
T000000000815,A0000034,2026-07-03,CARD,5895400
T000000000816,A0000001,2026-07-03,OTHER_DEBIT,1049000
T000000000817,A0000016,2026-07-03,TERM_MATURITY_CREDIT,3035700
T000000000818,A0000036,2026-07-03,CARD,1108800
T000000000819,A0000029,2026-07-03,CREDIT,39962000
T000000000820,A0000008,2026-07-03,OWN_CREDIT,19019300
T000000000821,A0000001,2026-07-03,CREDIT,113300
T000000000822,A0000001,2026-07-04,OTHER_DEBIT,11613800
T000000000823,A0000050,2026-07-04,OWN_CREDIT,37085000
T000000000824,A0000031,2026-07-04,CREDIT,6132700
T000000000825,A0000001,2026-07-04,OWN_CREDIT,105158000
T000000000826,A0000014,2026-07-04,CREDIT,253266700
T000000000827,A0000011,2026-07-04,CARD,103199100
T000000000828,A0000004,2026-07-04,TERM_MATURITY_CREDIT,2758400
T000000000829,A0000005,2026-07-05,CREDIT,14946700
T000000000830,A0000041,2026-07-05,OTHER_DEBIT,5587200
T000000000831,A0000009,2026-07-05,OTHER_DEBIT,50530600
T000000000832,A0000027,2026-07-05,CARD,16244400
T000000000833,A0000005,2026-07-05,CREDIT,5274000
T000000000834,A0000001,2026-07-05,OTHER_DEBIT,66010300
T000000000835,A0000017,2026-07-05,CREDIT,25848400
T000000000836,A0000019,2026-07-06,CARD,67677600
T000000000837,A0000001,2026-07-06,LOAN_CREDIT,10232200
T000000000838,A0000002,2026-07-06,CARD,5080600
T000000000839,A0000036,2026-07-06,CREDIT,6016900
T000000000840,A0000007,2026-07-06,OTHER_DEBIT,26236300
T000000000841,A0000044,2026-07-06,CREDIT,196830100
T000000000842,A0000031,2026-07-06,OTHER_DEBIT,4320600
T000000000843,A0000007,2026-07-07,CREDIT,1729700
T000000000844,A0000021,2026-07-07,CASH,30475200
T000000000845,A0000036,2026-07-07,CARD,3116800
T000000000846,A0000013,2026-07-07,CREDIT,42469800
T000000000847,A0000042,2026-07-07,CREDIT,11553400
T000000000848,A0000045,2026-07-07,CREDIT,28788000
T000000000849,A0000008,2026-07-07,CARD,55545700
T000000000850,A0000001,2026-07-08,CREDIT,14018000
T000000000851,A0000004,2026-07-08,CARD,79388900
T000000000852,A0000015,2026-07-08,CARD_REFUND,4463100
T000000000853,A0000004,2026-07-08,OTHER_DEBIT,16089200
T000000000854,A0000002,2026-07-08,CREDIT,1964900
T000000000855,A0000035,2026-07-08,CASH,50800500
T000000000856,A0000027,2026-07-08,OWN_CREDIT,816100
T000000000857,A0000003,2026-07-09,CREDIT,23265500
T000000000858,A0000005,2026-07-09,CASH,766000
T000000000859,A0000012,2026-07-09,CASH,833200
T000000000860,A0000007,2026-07-09,CARD,17437500
T000000000861,A0000017,2026-07-09,OTHER_DEBIT,6768300
T000000000862,A0000032,2026-07-09,CASH,19477400
T000000000863,A0000023,2026-07-09,CASH,5278900
T000000000864,A0000009,2026-07-10,OTHER_DEBIT,112922500
T000000000865,A0000001,2026-07-10,CREDIT,525491600
T000000000866,A0000006,2026-07-10,CREDIT,2635100
T000000000867,A0000011,2026-07-10,OTHER_DEBIT,105331600
T000000000868,A0000024,2026-07-10,CREDIT,1036400
T000000000869,A0000022,2026-07-10,OTHER_DEBIT,34300
T000000000870,A0000042,2026-07-10,OTHER_DEBIT,4841900
T000000000871,A0000047,2026-07-11,CASH,327900
T000000000872,A0000008,2026-07-11,CREDIT,10247000
T000000000873,A0000009,2026-07-11,CREDIT,3325000
T000000000874,A0000004,2026-07-11,CREDIT,5927000
T000000000875,A0000046,2026-07-11,CREDIT,869600
T000000000876,A0000030,2026-07-11,OTHER_DEBIT,3970766400
T000000000877,A0000006,2026-07-11,CARD,8825000
T000000000878,A0000021,2026-07-12,CREDIT,3067100
T000000000879,A0000001,2026-07-12,CREDIT,1912800
T000000000880,A0000032,2026-07-12,OWN_CREDIT,28515900
T000000000881,A0000042,2026-07-12,CREDIT,171069600
T000000000882,A0000009,2026-07-12,OTHER_DEBIT,3325000
T000000000883,A0000014,2026-07-12,CREDIT,194001700
T000000000884,A0000027,2026-07-12,CARD,39687600
T000000000885,A0000031,2026-07-13,OTHER_DEBIT,9725100
T000000000886,A0000030,2026-07-13,CREDIT,26086400
T000000000887,A0000001,2026-07-13,CREDIT,92224200
T000000000888,A0000004,2026-07-13,OTHER_DEBIT,5927000
T000000000889,A0000001,2026-07-13,OTHER_DEBIT,1739700
T000000000890,A0000001,2026-07-13,CREDIT,9941900
T000000000891,A0000012,2026-07-13,OTHER_DEBIT,3415000
T000000000892,A0000030,2026-07-14,OTHER_DEBIT,24125400
T000000000893,A0000019,2026-07-14,OWN_CREDIT,21146200
T000000000894,A0000005,2026-07-14,CREDIT,11981800
T000000000895,A0000009,2026-07-14,CREDIT,8099000
T000000000896,A0000050,2026-07-14,OTHER_DEBIT,2244400
T000000000897,A0000009,2026-07-14,CARD,8099000
T000000000898,A0000025,2026-07-14,CARD,6125200
T000000000899,A0000035,2026-07-15,CREDIT,6037300
T000000000900,A0000004,2026-07-15,CREDIT,1166000
T000000000901,A0000001,2026-07-15,OTHER_DEBIT,11463300
T000000000902,A0000025,2026-07-15,CARD,2960400
T000000000903,A0000016,2026-07-15,CREDIT,2062500
T000000000904,A0000001,2026-07-15,OTHER_DEBIT,76058600
T000000000905,A0000017,2026-07-16,OTHER_DEBIT,26817300
T000000000906,A0000006,2026-07-16,OTHER_DEBIT,77055700
T000000000907,A0000030,2026-07-16,CARD,1961000
T000000000908,A0000029,2026-07-16,OTHER_DEBIT,24814800
T000000000909,A0000006,2026-07-16,CASH,25597900
T000000000910,A0000006,2026-07-16,CASH,10776400
T000000000911,A0000012,2026-07-17,OWN_CREDIT,13389700
T000000000912,A0000005,2026-07-17,CARD,31436500
T000000000913,A0000030,2026-07-17,CREDIT,91932700
T000000000914,A0000028,2026-07-17,OTHER_DEBIT,11317500
T000000000915,A0000040,2026-07-17,CREDIT,25902300
T000000000916,A0000001,2026-07-17,OTHER_DEBIT,431400
T000000000917,A0000048,2026-07-18,CARD,24528900
T000000000918,A0000030,2026-07-18,CARD,5399800
T000000000919,A0000004,2026-07-18,LOAN_CREDIT,2054700
T000000000920,A0000001,2026-07-18,OTHER_DEBIT,4641800
T000000000921,A0000002,2026-07-18,CREDIT,25555000
T000000000922,A0000024,2026-07-18,CARD,9763700
T000000000923,A0000035,2026-07-19,CREDIT,1079900
T000000000924,A0000043,2026-07-19,CREDIT,27837700
T000000000925,A0000008,2026-07-19,CARD,160929300
T000000000926,A0000001,2026-07-19,CARD,1472200
T000000000927,A0000006,2026-07-19,CREDIT,665200
T000000000928,A0000031,2026-07-19,CARD,19343200
T000000000929,A0000049,2026-07-20,CREDIT,11907700
T000000000930,A0000035,2026-07-20,CASH,104772200
T000000000931,A0000002,2026-07-20,TERM_MATURITY_CREDIT,6360000
T000000000932,A0000006,2026-07-20,CARD,2187600
T000000000933,A0000026,2026-07-20,OTHER_DEBIT,2998400
T000000000934,A0000039,2026-07-20,OTHER_DEBIT,403600
T000000000935,A0000035,2026-07-21,OTHER_DEBIT,3013900
T000000000936,A0000034,2026-07-21,CREDIT,143558000
T000000000937,A0000035,2026-07-21,CREDIT,58573100
T000000000938,A0000028,2026-07-21,CARD,2906300
T000000000939,A0000004,2026-07-21,CREDIT,1631000
T000000000940,A0000008,2026-07-21,CARD,19572300
T000000000941,A0000014,2026-07-22,OTHER_DEBIT,7136700
T000000000942,A0000003,2026-07-22,CREDIT,27168600
T000000000943,A0000039,2026-07-22,CARD,6309900
T000000000944,A0000020,2026-07-22,CARD,26720900
T000000000945,A0000001,2026-07-22,OWN_CREDIT,5321700
T000000000946,A0000003,2026-07-22,OTHER_DEBIT,1789500
T000000000947,A0000021,2026-07-23,CARD,14941000
T000000000948,A0000001,2026-07-23,CREDIT,2780500
T000000000949,A0000002,2026-07-23,OTHER_DEBIT,4546700
T000000000950,A0000022,2026-07-23,CREDIT,58636000
T000000000951,A0000005,2026-07-23,CREDIT,2293900
T000000000952,A0000008,2026-07-23,OTHER_DEBIT,2872800
T000000000953,A0000001,2026-07-24,LOAN_CREDIT,562143400
T000000000954,A0000043,2026-07-24,CREDIT,6595200
T000000000955,A0000002,2026-07-24,LOAN_CREDIT,110256600
T000000000956,A0000011,2026-07-24,CARD,60509000
T000000000957,A0000034,2026-07-24,OTHER_DEBIT,2035600
T000000000958,A0000003,2026-07-24,CREDIT,5870900
T000000000959,A0000011,2026-07-25,CASH,2484300
T000000000960,A0000004,2026-07-25,OTHER_DEBIT,389700
T000000000961,A0000040,2026-07-25,CARD,2630800
T000000000962,A0000011,2026-07-25,CARD,7493300
T000000000963,A0000007,2026-07-25,CARD,2440300
T000000000964,A0000044,2026-07-25,CREDIT,7033800
T000000000965,A0000005,2026-07-26,OTHER_DEBIT,2293900
T000000000966,A0000005,2026-07-26,OWN_CREDIT,78060600
T000000000967,A0000042,2026-07-26,CREDIT,17630400
T000000000968,A0000001,2026-07-26,CARD,7148600
T000000000969,A0000001,2026-07-26,CREDIT,35152300
T000000000970,A0000012,2026-07-26,OTHER_DEBIT,1502000
T000000000971,A0000041,2026-07-27,OTHER_DEBIT,231264800
T000000000972,A0000033,2026-07-27,CREDIT,39286000
T000000000973,A0000023,2026-07-27,OWN_CREDIT,11248600
T000000000974,A0000010,2026-07-27,CREDIT,3663600
T000000000975,A0000002,2026-07-27,CREDIT,30056400
T000000000976,A0000048,2026-07-27,OTHER_DEBIT,4221400
T000000000977,A0000044,2026-07-28,OTHER_DEBIT,309400
T000000000978,A0000014,2026-07-28,CREDIT,16592300
T000000000979,A0000029,2026-07-28,LOAN_CREDIT,17224000
T000000000980,A0000022,2026-07-28,CARD,74601500
T000000000981,A0000031,2026-07-28,CASH,5773300
T000000000982,A0000032,2026-07-28,CREDIT,16910700
T000000000983,A0000001,2026-07-29,TERM_MATURITY_CREDIT,44927600
T000000000984,A0000002,2026-07-29,CARD,35559400
T000000000985,A0000047,2026-07-29,CREDIT,65468700
T000000000986,A0000008,2026-07-29,CARD,1913800
T000000000987,A0000044,2026-07-29,CREDIT,26057200
T000000000988,A0000021,2026-07-29,CARD,3343300
T000000000989,A0000007,2026-07-30,OTHER_DEBIT,10686000
T000000000990,A0000019,2026-07-30,CARD,12790700
T000000000991,A0000005,2026-07-30,OTHER_DEBIT,470200
T000000000992,A0000003,2026-07-30,CARD,3552400
T000000000993,A0000004,2026-07-30,OTHER_DEBIT,2352300
T000000000994,A0000008,2026-07-30,CARD,9949700
T000000000995,A0000038,2026-07-31,CREDIT,14793400
T000000000996,A0000006,2026-07-31,CARD_REFUND,2567200
T000000000997,A0000013,2026-07-31,CASH,3313200
T000000000998,A0000013,2026-07-31,CARD,4056800
T000000000999,A0000002,2026-07-31,CARD,1695000
T000000001000,A0000007,2026-07-31,OWN_CREDIT,886200
T000000001001,A0000003,2026-08-01,CREDIT,17701500
T000000001002,A0000017,2026-08-01,OTHER_DEBIT,6837100
T000000001003,A0000005,2026-08-01,LOAN_CREDIT,14535100
T000000001004,A0000005,2026-08-01,LOAN_CREDIT,30396200
T000000001005,A0000029,2026-08-01,CARD,2991100
T000000001006,A0000003,2026-08-01,OTHER_DEBIT,64191200
T000000001007,A0000001,2026-08-01,CARD,4975400
T000000001008,A0000003,2026-08-02,CREDIT,11741600
T000000001009,A0000022,2026-08-02,OWN_CREDIT,5164200
T000000001010,A0000015,2026-08-02,OTHER_DEBIT,7515100
T000000001011,A0000026,2026-08-02,CREDIT,10979300
T000000001012,A0000019,2026-08-02,OTHER_DEBIT,76307000
T000000001013,A0000024,2026-08-02,CARD,105732200
T000000001014,A0000022,2026-08-02,TERM_MATURITY_CREDIT,69692800
T000000001015,A0000020,2026-08-03,CREDIT,296065000
T000000001016,A0000015,2026-08-03,CREDIT,5743200
T000000001017,A0000001,2026-08-03,CREDIT,85707000
T000000001018,A0000013,2026-08-03,CARD,7975800
T000000001019,A0000024,2026-08-03,CREDIT,8168400
T000000001020,A0000009,2026-08-03,CREDIT,1933000
T000000001021,A0000027,2026-08-03,OTHER_DEBIT,61249600
T000000001022,A0000004,2026-08-04,OWN_CREDIT,21215900
T000000001023,A0000025,2026-08-04,CARD_REFUND,23869400
T000000001024,A0000028,2026-08-04,CREDIT,2435900
T000000001025,A0000014,2026-08-04,CREDIT,9436000
T000000001026,A0000002,2026-08-04,OTHER_DEBIT,57782300
T000000001027,A0000045,2026-08-04,CARD,10594000
T000000001028,A0000004,2026-08-04,OTHER_DEBIT,23325600
T000000001029,A0000001,2026-08-05,CARD,2561900
T000000001030,A0000026,2026-08-05,CARD,7046100
T000000001031,A0000036,2026-08-05,OTHER_DEBIT,37532000
T000000001032,A0000013,2026-08-05,CARD,11693300
T000000001033,A0000027,2026-08-05,CARD,81483600
T000000001034,A0000029,2026-08-05,OTHER_DEBIT,22471100
T000000001035,A0000001,2026-08-05,TERM_MATURITY_CREDIT,1122900
T000000001036,A0000034,2026-08-06,OTHER_DEBIT,33934300
T000000001037,A0000008,2026-08-06,CASH,3131400
T000000001038,A0000007,2026-08-06,CREDIT,248365200
T000000001039,A0000004,2026-08-06,CREDIT,44755300
T000000001040,A0000029,2026-08-06,CARD,2872300
T000000001041,A0000041,2026-08-06,CARD,13183700
T000000001042,A0000027,2026-08-06,CASH,26709500
T000000001043,A0000031,2026-08-07,OTHER_DEBIT,66359700
T000000001044,A0000004,2026-08-07,CARD,16141500
T000000001045,A0000017,2026-08-07,OTHER_DEBIT,117773200
T000000001046,A0000007,2026-08-07,LOAN_CREDIT,31555200
T000000001047,A0000018,2026-08-07,CREDIT,27153700
T000000001048,A0000035,2026-08-07,CREDIT,14905200
T000000001049,A0000036,2026-08-07,CREDIT,30889300
T000000001050,A0000025,2026-08-08,CARD,27663300
T000000001051,A0000045,2026-08-08,OTHER_DEBIT,539100
T000000001052,A0000020,2026-08-08,CARD_REFUND,8344600
T000000001053,A0000001,2026-08-08,OTHER_DEBIT,1291000
T000000001054,A0000037,2026-08-08,CARD,740200
T000000001055,A0000012,2026-08-08,OTHER_DEBIT,1653700
T000000001056,A0000013,2026-08-08,OWN_CREDIT,29882000
T000000001057,A0000023,2026-08-09,CASH,4656700
T000000001058,A0000010,2026-08-09,OTHER_DEBIT,81107000
T000000001059,A0000026,2026-08-09,OTHER_DEBIT,4203100
T000000001060,A0000002,2026-08-09,TERM_MATURITY_CREDIT,9978000
T000000001061,A0000021,2026-08-09,OTHER_DEBIT,5169700
T000000001062,A0000005,2026-08-09,OTHER_DEBIT,30613300
T000000001063,A0000042,2026-08-09,OTHER_DEBIT,1152100
T000000001064,A0000031,2026-08-10,OTHER_DEBIT,14861200
T000000001065,A0000045,2026-08-10,OTHER_DEBIT,17010500
T000000001066,A0000023,2026-08-10,CREDIT,10467000
T000000001067,A0000015,2026-08-10,CREDIT,611400
T000000001068,A0000003,2026-08-10,TERM_MATURITY_CREDIT,8127100
T000000001069,A0000010,2026-08-10,OWN_CREDIT,51090700
T000000001070,A0000020,2026-08-10,CARD_REFUND,11364100
T000000001071,A0000024,2026-08-11,CASH,8168400
T000000001072,A0000040,2026-08-11,CARD,303177600
T000000001073,A0000039,2026-08-11,OTHER_DEBIT,105886200
T000000001074,A0000001,2026-08-11,OTHER_DEBIT,57403200
T000000001075,A0000015,2026-08-11,LOAN_CREDIT,83232800
T000000001076,A0000009,2026-08-11,OTHER_DEBIT,97200
T000000001077,A0000001,2026-08-11,OTHER_DEBIT,669600
T000000001078,A0000016,2026-08-12,CARD,7528800
T000000001079,A0000033,2026-08-12,CARD,671100
T000000001080,A0000003,2026-08-12,CARD,296615300
T000000001081,A0000007,2026-08-12,OTHER_DEBIT,24502600
T000000001082,A0000049,2026-08-12,CREDIT,581976300
T000000001083,A0000044,2026-08-12,CREDIT,4829700
T000000001084,A0000003,2026-08-12,CREDIT,7780100
T000000001085,A0000001,2026-08-13,OWN_CREDIT,19114800
T000000001086,A0000013,2026-08-13,CARD,193439800
T000000001087,A0000038,2026-08-13,CREDIT,1305800
T000000001088,A0000022,2026-08-13,CASH,4374500
T000000001089,A0000008,2026-08-13,CREDIT,6410800
T000000001090,A0000012,2026-08-13,OTHER_DEBIT,2933400
T000000001091,A0000018,2026-08-13,CARD,4160800
T000000001092,A0000038,2026-08-14,OTHER_DEBIT,125590700
T000000001093,A0000013,2026-08-14,CREDIT,6776000
T000000001094,A0000035,2026-08-14,CARD,10286000
T000000001095,A0000001,2026-08-14,CARD,8293000
T000000001096,A0000029,2026-08-14,OTHER_DEBIT,51099200
T000000001097,A0000030,2026-08-14,CARD,33186100
T000000001098,A0000005,2026-08-14,CREDIT,58092500
T000000001099,A0000005,2026-08-15,OTHER_DEBIT,9400100
T000000001100,A0000024,2026-08-15,CREDIT,22138200
T000000001101,A0000015,2026-08-15,OTHER_DEBIT,14491500
T000000001102,A0000006,2026-08-15,CASH,7365500
T000000001103,A0000003,2026-08-15,CARD,55424500
T000000001104,A0000016,2026-08-15,OTHER_DEBIT,1569400
T000000001105,A0000005,2026-08-16,OWN_CREDIT,12808200
T000000001106,A0000006,2026-08-16,CREDIT,9623000
T000000001107,A0000038,2026-08-16,CREDIT,19017400
T000000001108,A0000002,2026-08-16,CREDIT,12804200
T000000001109,A0000017,2026-08-16,CREDIT,89276000
T000000001110,A0000001,2026-08-16,CARD,14327700
T000000001111,A0000009,2026-08-17,CREDIT,280010000
T000000001112,A0000009,2026-08-17,OTHER_DEBIT,24710300
T000000001113,A0000011,2026-08-17,OWN_CREDIT,3593700
T000000001114,A0000001,2026-08-17,CREDIT,3924400
T000000001115,A0000003,2026-08-17,CREDIT,78779400
T000000001116,A0000033,2026-08-17,OWN_CREDIT,58398900
T000000001117,A0000016,2026-08-18,OTHER_DEBIT,8380100
T000000001118,A0000049,2026-08-18,CARD,641476400
T000000001119,A0000006,2026-08-18,OWN_CREDIT,16607900
T000000001120,A0000015,2026-08-18,CARD,1103748800
T000000001121,A0000007,2026-08-18,CARD,20906400
T000000001122,A0000021,2026-08-18,CARD,47849500
T000000001123,A0000003,2026-08-19,CREDIT,20143600
T000000001124,A0000023,2026-08-19,TERM_MATURITY_CREDIT,2011600
T000000001125,A0000011,2026-08-19,OTHER_DEBIT,18479800
T000000001126,A0000014,2026-08-19,CREDIT,56233200
T000000001127,A0000025,2026-08-19,CARD,96343400
T000000001128,A0000040,2026-08-19,CREDIT,51486300
T000000001129,A0000034,2026-08-20,CARD,90133500
T000000001130,A0000046,2026-08-20,TERM_MATURITY_CREDIT,99523300
T000000001131,A0000027,2026-08-20,CARD,15507400
T000000001132,A0000039,2026-08-20,OTHER_DEBIT,9360800
T000000001133,A0000002,2026-08-20,OTHER_DEBIT,157493900
T000000001134,A0000041,2026-08-20,CARD_REFUND,22028200
T000000001135,A0000039,2026-08-21,OTHER_DEBIT,37453400
T000000001136,A0000049,2026-08-21,CREDIT,63532700
T000000001137,A0000031,2026-08-21,CASH,41619300
T000000001138,A0000001,2026-08-21,CARD,2052182100
T000000001139,A0000001,2026-08-21,OTHER_DEBIT,89320400
T000000001140,A0000047,2026-08-21,OTHER_DEBIT,15795600
T000000001141,A0000001,2026-08-22,CARD,8457400
T000000001142,A0000001,2026-08-22,OTHER_DEBIT,25228900
T000000001143,A0000002,2026-08-22,CREDIT,21126500
T000000001144,A0000005,2026-08-22,CREDIT,5571200
T000000001145,A0000006,2026-08-22,CARD,46535700
T000000001146,A0000016,2026-08-22,CREDIT,29244400
T000000001147,A0000032,2026-08-23,CREDIT,13835500
T000000001148,A0000007,2026-08-23,CARD,622226500
T000000001149,A0000017,2026-08-23,OTHER_DEBIT,5347100
T000000001150,A0000007,2026-08-23,OTHER_DEBIT,19165300
T000000001151,A0000025,2026-08-23,CARD,124993200
T000000001152,A0000001,2026-08-23,OWN_CREDIT,12654800
T000000001153,A0000026,2026-08-24,CREDIT,3486500
T000000001154,A0000042,2026-08-24,CARD,117961200
T000000001155,A0000031,2026-08-24,CASH,93894700
T000000001156,A0000044,2026-08-24,CARD,84289100
T000000001157,A0000002,2026-08-24,OTHER_DEBIT,24875100
T000000001158,A0000003,2026-08-24,CARD,12920400
T000000001159,A0000034,2026-08-25,LOAN_CREDIT,412100
T000000001160,A0000032,2026-08-25,CREDIT,23929700
T000000001161,A0000027,2026-08-25,CARD,3218700
T000000001162,A0000001,2026-08-25,CARD,36038500
T000000001163,A0000016,2026-08-25,CREDIT,60662400
T000000001164,A0000026,2026-08-25,OTHER_DEBIT,1330000
T000000001165,A0000003,2026-08-26,CREDIT,3158700
T000000001166,A0000005,2026-08-26,CASH,31509300
T000000001167,A0000033,2026-08-26,CREDIT,6470400
T000000001168,A0000002,2026-08-26,CARD,4673100
T000000001169,A0000031,2026-08-26,OTHER_DEBIT,284889000
T000000001170,A0000011,2026-08-26,CARD,20645800
T000000001171,A0000001,2026-08-27,CREDIT,4342400
T000000001172,A0000042,2026-08-27,CREDIT,23967600
T000000001173,A0000034,2026-08-27,CARD,17866700
T000000001174,A0000014,2026-08-27,OTHER_DEBIT,12965400
T000000001175,A0000001,2026-08-27,CARD_REFUND,7573400
T000000001176,A0000022,2026-08-27,CARD,8155000
T000000001177,A0000006,2026-08-28,LOAN_CREDIT,10324200
T000000001178,A0000015,2026-08-28,CREDIT,13666600
T000000001179,A0000017,2026-08-28,CREDIT,24812800
T000000001180,A0000003,2026-08-28,OTHER_DEBIT,10818900
T000000001181,A0000013,2026-08-28,CREDIT,479900
T000000001182,A0000048,2026-08-28,CREDIT,31046000
T000000001183,A0000001,2026-08-29,OTHER_DEBIT,149713600
T000000001184,A0000037,2026-08-29,OTHER_DEBIT,4179200
T000000001185,A0000020,2026-08-29,OWN_CREDIT,93898100
T000000001186,A0000001,2026-08-29,OTHER_DEBIT,26100400
T000000001187,A0000042,2026-08-29,CARD_REFUND,355784000
T000000001188,A0000028,2026-08-29,CREDIT,6029900
T000000001189,A0000038,2026-08-30,CARD,51137600
T000000001190,A0000023,2026-08-30,OWN_CREDIT,45747500
T000000001191,A0000003,2026-08-30,CASH,3240500
T000000001192,A0000036,2026-08-30,CREDIT,41070200
T000000001193,A0000006,2026-08-30,CREDIT,10361900
T000000001194,A0000002,2026-08-30,OTHER_DEBIT,3409300
T000000001195,A0000033,2026-08-31,CARD,34931900
T000000001196,A0000001,2026-08-31,CREDIT,2980300
T000000001197,A0000017,2026-08-31,OTHER_DEBIT,22748000
T000000001198,A0000009,2026-08-31,CASH,783300
T000000001199,A0000015,2026-08-31,CARD,2539500
T000000001200,A0000004,2026-08-31,OTHER_DEBIT,28613800
